"pers_id";"id_nl_pdc_num";"id_nl_pdc_code";"id_nl_pdc_bio_id";"id_nl_pdc_slug";"last_name";"first_name";"birth_place_raw"
"NL_deJonge_Corinne_1976";;"vj0khuxzi6ha";22196;"drs-ce-corinne-ellemeet";"deJonge";"Corinne-Elisabeth";""
"NL_Ploumen_Lilianne_1962";;"vhonj7akimy3";21528;"drs-emj-lilianne-ploumen";"Ploumen";"Lilianne";""
"NL_vanderWal_Christianne_1973";3581;"vkjob68s3psk";22901;"ch-christianne-van-der-wal-zeggelink";"vanderWal-Zeggelink";"Christianne";
"NL_vanDijk_Emiel_1985";3549;"vkaqau9blsh3";22838;"e-emiel-van-dijk";"vanDijk";"Emiel";
"NL_Aartsen_Thierry_1989";;"vkrnco44nino";22926;"aa-thierry-aartsen";"Aartsen";"Thierry";""
"NL_Akerboom_Eva_1992";;"vks5bbt0ia6p";22927;"es-eva-akerboom";"Akerboom";"Eva";""
"NL_vandenAnker_Gerard_1972";;"vk99gbdqznoy";22761;"gp-gerard-van-den-anker";"vandenAnker";"Gerard";""
"NL_Azarkan_Farid_1971";;"vka6bwkjuyco";22818;"drs-f-farid-azarkan";"Azarkan";"Farid";""
"NL_vanBaarle_Stephan_1991";;"vleseadw4bt8";23109;"srt-stephan-van-baarle";"vanBaarle";"Stephan";""
"NL_Bamenga_Mpanzu_1985";;"vm6fi3lewzx5";23000;"p-mpanzu-bamenga";"Bamenga";"Mpanzu";""
"NL_Baudet_Thierry_1983";;"vjuuhtscjwpn";22527;"dr-thhph-thierry-baudet";"Baudet";"Thierry";""
"NL_Becker_Bente_1985";;"vk8mbisoiesa";22711;"b-bente-becker";"Becker";"Bente";""
"NL_vanBeukering_Marijke_1971";;"vk9nhxbu9vz8";22786;"mjthg-marijke-van-beukering-huijbregts";"vanBeukering";"Marijke";""
"NL_Bevers_Harry_1965";;"vlfociidrrxi";23116;"h-harry-bevers";"Bevers";"Harry";""
"NL_Bijenhof_Yvonne_1966";;"vm60fdazq4ks";23268;"y-yvonne-bijenhof";"Bijenhof";"Yvonne";""
"NL_Blaauw_Reinder_1994";;"vm6tcs6qvtxa";23308;"rb-reinder-blaauw";"Blaauw";"Reinder";""
"NL_Bolkestein_Martijn_1972";;"vl9yaqvkxbws";23025;"drs-mn-martijn-bolkestein";"Bolkestein";"Martijn";""
"NL_Bontenbal_Henri_1982";;"vldacmasw6p0";23048;"h-henri-bontenbal";"Bontenbal";"Henri";""
"NL_Boomsma_Diederik_1978";;"vm6usehy3ayx";23330;"dth-diederik-boomsma";"Boomsma";"Diederik";""
"NL_Boon_Maikel_1982";;"vm8chbfjcoqj";23352;"mch-maikel-boon";"Boon";"Maikel";""
"NL_vandenBorn_Vincent_1967";;"vm8eu8aunagm";23360;"vh-vincent-van-den-born";"vandenBorn";"Vincent";""
"NL_Boswijk_Derk_1989";;"vld9jvppuexx";23047;"dg-derk-boswijk";"Boswijk";"Derk";""
"NL_Bouchallikht_Kauthar_1994";;"vldnb6o8n5yh";23056;"k-kauthar-bouchallikht";"Bouchallikht";"Kauthar";""
"NL_Boucke_Raoul_1975";;"vjjh43o8v0u0";22416;"ir-rm-raoul-boucke";"Boucke";"Raoul";""
"NL_Boulakjar_Faissal_1979";;"vldqd56rjbyk";23068;"f-faissal-boulakjar";"Boulakjar";"Faissal";""
"NL_Boutkan_Ernst_1996";;"vlguc675zfz0";23131;"e-ernst-boutkan";"Boutkan";"Ernst";""
"NL_Boutkan_Willem_1955";;"vm8efbzc7qsz";23359;"w-willem-boutkan";"Boutkan";"Willem";""
"NL_Brekelmans_Ruben_1986";;"vle9j1u75xys";23099;"rp-ruben-brekelmans";"Brekelmans";"Ruben";""
"NL_vanBreugel_Carline_1994";;"vm5ta5tn7co4";23266;"c-carline-van-breugel";"vanBreugel";"Carline";""
"NL_vandenBrink_Bart_1978";;"vlgqux36bven";23130;"g-bart-van-den-brink";"vandenBrink";"Bart";""
"NL_Bromet_Laura_1970";;"vj1fcf1vozzu";22221;"l-laura-bromet";"Bromet";"Laura";""
"NL_Bruyning_Faith_1988";;"vm6uqy7548yu";23328;"fh-faith-bruyning";"Bruyning";"Faith";""
"NL_Buijsse_Martijn_1981";;"vm6mb1ranii0";23302;"mrg-martijn-buijsse";"Buijsse";"Martijn";""
"NL_Buitenweg_Kathalijne_1970";;"vghq1ig3jrvf";21114;"dr-km-kathalijne-buitenweg";"Buitenweg";"Kathalijne";""
"NL_vanderBurg_Eric_1965";;"vkwreswhgn8s";22957;"e-eric-van-der-burg";"vanderBurg";"Eric";""
"NL_Bushoff_Julian_1997";;"vle4c9k4vpsi";23081;"tj-julian-bushoff";"Bushoff";"Julian";""
"NL_vanCampen_Thom_1990";;"vle9fbvbvota";23091;"aah-thom-van-campen";"vanCampen";"Thom";""
"NL_Chakor_Glimina_1976";;"vm6ehqz3nvyv";23287;"g-glimina-chakor";"Chakor";"Glimina";""
"NL_Claassen_Ren_1971";;"vm6tc0od86x9";23307;"rab-rene-claassen";"Claassen";"Ren";""
"NL_Crijns_Patrick_1984";;"vm8euawibbgn";23361;"pp-patrick-crijns";"Crijns";"Patrick";""
"NL_Dassen_Laurens_1985";;"vlgkdczrnwiw";23128;"lajm-laurens-dassen";"Dassen";"Laurens";""
"NL_Deen_Marco_1968";;"vm8ch5ojkjq7";23350;"m-marco-deen";"Deen";"Marco";""
"NL_Dekker_Ralf_1957";;"vluke18i6hs9";23187;"rj-ralf-dekker";"Dekker";"Ralf";""
"NL_Dekker_Hind_1981";;"vljojf7d00xl";23152;"h-hind-dekker-abdulaziz";"Dekker-Abdulaziz";"Hind";""
"NL_Dijk_Jimmy_1985";;"vlcoalar9kop";23033;"jp-jimmy-dijk";"Dijk";"Jimmy";""
"NL_vanDijk_Inge_1975";;"vld9gqckd2wx";23045;"i-inge-van-dijk";"vanDijk";"Inge";""
"NL_vanDijk_Olger_1979";;"vk8hl490vvlt";22645;"irdrs-oc-olger-van-dijk";"vanDijk";"Olger";""
"NL_Dobbe_Sarah_1979";;"vm61jdzjfat0";23269;"sem-sarah-dobbe";"Dobbe";"Sarah";""
"NL_Dral_Rosemarijn_1985";;"vm6mbc0jo3i0";23303;"rm-rosemarijn-dral";"Dral";"Rosemarijn";""
"NL_Drost_Nicolaas_1980";;"vka1ihnp4pln";22815;"n-nico-drost";"Drost";"Nicolaas";""
"NL_vanEijk_Wendy_1973";;"vm6bhwjpr1y7";23271;"wpj-wendy-van-eijk";"vanEijk";"Wendy";""
"NL_Ellian_Ulysse_1988";;"vle9gi9kfnyn";23094;"u-ulysse-ellian";"Ellian";"Ulysse";""
"NL_Ephraim_Olaf_1965";;"vldgbtspxpx1";23051;"drs-or-olaf-ephraim";"Ephraim";"Olaf";""
"NL_Eppink_Derk_1958";;"vi5xk8wdp4y9";21816;"mrdrs-dj-derk-jan-eppink";"Eppink";"Derk";""
"NL_Ergin_Do_1992";;"vm6ejttim7yy";23290;"da-dogukan-ergin";"Ergin";"Do";""
"NL_Erkens_Silvio_1990";;"vle9fqccebyk";23093;"spa-silvio-erkens";"Erkens";"Silvio";""
"NL_vanEsch_Eva_1986";;"vkbrh7efrmxs";22864;"em-eva-van-esch";"vanEsch";"Eva";""
"NL_Esser_Eric_1985";;"vm8ef991wajt";23358;"erf-eric-esser";"Esser";"Eric";""
"NL_Faddegon_Chris_1954";;"vm9wirudlnk0";23369;"cj-chris-faddegon";"Faddegon";"Chris";""
"NL_Flach_Andr_1976";;"vldmmhtqynxo";23054;"aj-andre-flach";"Flach";"Andr";""
"NL_Gabriels_Geert_1979";;"vldnbw2vs7zj";23060;"drs-gjw-geert-gabriels";"Gabriels";"Geert";""
"NL_vanGent_Tobias_1967";;"vjxxc1gyd08x";22543;"dr-t-tobias-van-gent";"vanGent";"Tobias";""
"NL_vanGinneken_Lisa_1972";;"vldqdovcbbyo";23072;"lm-lisa-van-ginneken";"vanGinneken";"Lisa";""
"NL_Goudzwaard_Maarten_1979";;"vlgdf1xg5qe8";23127;"m-maarten-goudzwaard";"Goudzwaard";"Maarten";""
"NL_Grevink_Martijn_1973";;"vlfocli3k8xk";23118;"m-martijn-grevink";"Grevink";"Martijn";""
"NL_Grinwis_Pieter_1979";;"vlcvaesjqurd";23034;"pa-pieter-grinwis";"Grinwis";"Pieter";""
"NL_deGroot_Peter_1980";;"vle9h8m92ryo";23095;"pch-peter-de-groot";"deGroot";"Peter";""
"NL_Guendogan_Niluefer_1977";;"vlgntc8p1yao";23129;"n-nilufer-gundogan";"Guendogan";"Niluefer";""
"NL_vanHaasen_Peter_1960";;"vm8euctydugo";23362;"jp-peter-van-haasen";"vanHaasen";"Peter";""
"NL_vanHaga_Wybren_1967";;"vkadckmf1rk6";22828;"ir-wr-wybren-van-haga";"vanHaga";"Wybren";""
"NL_Hagen_Kiki_1987";;"vlh4flgw2fv9";23134;"kb-kiki-hagen";"Hagen";"Kiki";""
"NL_Hammelburg_Alexander_1982";;"vlh6u7ipvvdo";23139;"ar-alexander-hammelburg";"Hammelburg";"Alexander";""
"NL_Haverkort_Erik_1972";;"vlebgai677to";23107;"ea-erik-haverkort";"Haverkort";"Erik";""
"NL_Heinen_Eelco_1981";;"vle9d1sqd6t7";23088;"e-eelco-heinen";"Heinen";"Eelco";""
"NL_Heite_Annemarie_1970";;"vm6vc66v6hv0";23331;"drs-annemarie-heite";"Heite";"Annemarie";""
"NL_Hermans_Sophie_1981";;"vk0wffcbe7jq";22556;"sthm-sophie-hermans";"Hermans";"Sophie";""
"NL_Hertzberger_Rosanne_1984";;"vm6ukn23cfme";23327;"dr-ry-rosanne-hertzberger";"Hertzberger";"Rosanne";""
"NL_Heutink_Hidde_1993";;"vm8f92qu66pc";23365;"hd-hidde-heutink";"Heutink";"Hidde";""
"NL_Hiddema_Theo_1944";;"vkcceo1vpu9c";22866;"mr-thu-theo-hiddema";"Hiddema";"Theo";""
"NL_vandenHil_Jacqueline_1968";;"vle9hdu84fyp";23096;"j-jacqueline-van-den-hil";"vandenHil";"Jacqueline";""
"NL_Hirsch_Dani_1968";;"vldnbyxqk8zk";23061;"drs-dh-danielle-hirsch";"Hirsch";"Dani";""
"NL_vanderHoeff_Patrick_1975";;"vm84f0ubo5d6";23348;"ph-patrick-van-der-hoeff";"vanderHoeff";"Patrick";""
"NL_Holman_Harm_1957";;"vm6urnlnuvyw";23329;"h-harm-holman";"Holman";"Harm";""
"NL_deHoop_Habtamu_1998";;"vle4bgyciggs";23078;"he-habtamu-de-hoop";"deHoop";"Habtamu";""
"NL_vanHouwelingen_Pepijn_1980";;"vlh6vum440xd";23143;"p-pepijn-van-houwelingen";"vanHouwelingen";"Pepijn";""
"NL_Idsinga_Folkert_1971";;"vlebf3zv0wgk";23102;"drs-fl-folkert-idsinga";"Idsinga";"Folkert";""
"NL_Jansen_Dani_1970";;"vm6uk5wcmfko";23324;"dr-demc-danielle-jansen";"Jansen";"Dani";""
"NL_Jansen_Frederik_1992";;"vldgbxvi4wx2";23052;"fjh-freek-jansen";"Jansen";"Frederik";""
"NL_deJong_Romke_1984";;"vlh6uady8wyx";23140;"rh-romke-de-jong";"deJong";"Romke";""
"NL_Joseph_Agnes_1980";;"vm6uf46ncvst";23320;"drs-agnes-joseph";"Joseph";"Agnes";""
"NL_Kahraman_Isa_1974";;"vm6ukgmaekmd";23326;"i-isa-kahraman";"Kahraman";"Isa";""
"NL_Kamminga_Roelien_1978";;"vle9dcgotst9";23090;"drs-rj-roelien-kamminga";"Kamminga";"Roelien";""
"NL_Kat_Huelya_1983";;"vldqd8hm1vyl";23069;"mr-h-hulya-kat";"Kat";"Huelya";""
"NL_Kathmann_Barbara_1978";;"vle4bdsi1qcy";23077;"drs-bc-barbara-kathmann";"Kathmann";"Barbara";""
"NL_vanKent_Bart_1983";;"vjewghbm1zz8";22371;"b-bart-van-kent";"vanKent";"Bart";""
"NL_Kerseboom_Simone_1984";;"vlg0fzxrscoj";23125;"dr-s-simone-kerseboom";"Kerseboom";"Simone";""
"NL_Kisteman_Arend_1984";;"vm6bj5zywkus";23274;"arend-kisteman";"Kisteman";"Arend";""
"NL_Klink_Jan_1985";;"vlebfho858gm";23104;"ir-jj-jan-klink";"Klink";"Jan";""
"NL_Koekkoek_Marieke_1989";;"vlh5cpq52zw8";23137;"m-marieke-koekkoek";"Koekkoek";"Marieke";""
"NL_deKort_Daan_1992";;"vle9isq4oxyr";23098;"ahj-daan-de-kort";"deKort";"Daan";""
"NL_Krul_Marinus_1994";;"vldacvrtx9yl";23049;"hm-harmen-krul";"Krul";"Marinus";""
"NL_Kuik_Anne_1987";;"vk1gidm6gwyz";22562;"mr-anne-kuik";"Kuik";"Anne";""
"NL_vanderLaan_Jeanet_1980";;"vldqcwagatyi";23066;"drs-jmp-jeanet-van-der-laan";"vanderLaan";"Jeanet";""
"NL_Lahlah_Esmah_1979";;"vm6bl308ifut";23276;"esmah-lahlah";"Lahlah";"Esmah";""
"NL_Maatoug_Senna_1989";;"vldnb2nwrci2";23055;"s-senna-maatoug";"Maatoug";"Senna";""
"NL_Martens_Claire_1987";;"vm6bijxzdgzw";23272;"c-claire-martens";"Martens";"Claire";""
"NL_vanMeetelen_Rachel_1975";;"vm6tbxw5vlx8";23306;"rf-rachel-van-meetelen";"vanMeetelen";"Rachel";""
"NL_vanMeijeren_Gideon_1988";;"vlg0gaw8ywok";23126;"gfc-gideon-van-meijeren";"vanMeijeren";"Gideon";""
"NL_Meulenkamp_Wim_1975";;"vm6bipgpk9zx";23273;"wjh-wim-meulenkamp";"Meulenkamp";"Wim";""
"NL_Michon_Ingrid_1976";;"vk8hl49foixb";22658;"ijm-ingrid-michon-derkzen";"Michon";"Ingrid";""
"NL_Minhas_Fahid_1988";;"vle9in5a2iyq";23097;"fb-fahid-minhas";"Minhas";"Fahid";""
"NL_Mooiman_Jeremy_1995";;"vm8chg3glkwi";23353;"j-jeremy-mooiman";"Mooiman";"Jeremy";""
"NL_Mutluer_Songuel_1979";;"vle4bk2u62rv";23079;"s-songul-mutluer";"Mutluer";"Songuel";""
"NL_deNeef_Daan_1977";;"vlebfbr7jegl";23103;"d-daan-de-neef";"deNeef";"Daan";""
"NL_vandenNieuwenhuijzen_Tom_1989";;"vk9sfm76nwjv";22794;"drsing-tjh-tom-van-den-nieuwenhuijzen";"vandenNieuwenhuijzen";"Tom";""
"NL_Nijhof_Jeanet_1962";;"vm8ch8hx9lg2";23351;"jm-jeanet-nijhof-leeuw";"Nijhof";"Jeanet";""
"NL_Nordkamp_Jimme_1996";;"vm6ejj8ucqyw";23288;"j-jimme-nordkamp";"Nordkamp";"Jimme";""
"NL_vanOostenbruggen_Tjebbe_1979";;"vm6ukcgxfamc";23325;"drs-t-tjebbe-van-oostenbruggen";"vanOostenbruggen";"Tjebbe";""
"NL_Palland_Hilde_1979";;"vk98mxcyi7f5";22756;"mr-hm-hilde-palland-mulder";"Palland";"Hilde";""
"NL_Palmen_Sandra_1972";;"vm6uem5amrvv";23318;"sthph-sandra-palmen";"Palmen";"Sandra";""
"NL_Patijn_Mariette_1966";;"vm6bkrdtbjus";23275;"mh-mariette-patijn";"Patijn";"Mariette";""
"NL_Paul_Marielle_1966";;"vle9ff5wbhu0";23092;"drs-mlj-marielle-paul";"Paul";"Marielle";""
"NL_Paulusma_Wieke_1978";;"vldqd2kkneyj";23067;"w-wieke-paulusma";"Paulusma";"Wieke";""
"NL_Pierik_Cor_1965";;"vm6eao00wetq";23279;"cr-cor-pierik";"Pierik";"Cor";""
"NL_Pijpelink_Anita_1974";;"vm6ehkbqv2yu";23286;"drs-anita-pijpelink";"Pijpelink";"Anita";""
"NL_Piri_Katalin_1979";;"vjgpegdrao49";22394;"kp-kati-piri";"Piri";"Katalin";""
"NL_vanderPlas_Caroline_1967";;"vlh5b5o7a7mw";23136;"cam-caroline-van-der-plas";"vanderPlas";"Caroline";""
"NL_Podt_Anne_1975";;"vlh6v1xyo3m5";23141;"am-anne-marijke-podt";"Podt";"Anne";""
"NL_Pool_Joeri_1993";;"vm8f9bwq48pd";23366;"j-joeri-pool";"Pool";"Joeri";""
"NL_Postma_Wytske_1977";;"vk98nmimnks0";22758;"drs-wl-wytske-postma";"Postma";"Wytske";""
"NL_Verweij_Nicki_1991";;"vkx0e9r3n4xs";22969;"dr-njf-nicki-pouw-verweij";"Verweij";"Nicki";""
"NL_Rahimi_Hawre_1978";;"vlfocjxkyrxj";23117;"h-hawre-rahimi";"Rahimi";"Hawre";""
"NL_Rajkowski_Queeny_1988";;"vle9d9edt8t8";23089;"qm-queeny-rajkowski";"Rajkowski";"Queeny";""
"NL_Ram_Dennis_1974";;"vm8dany2q7u8";23354;"d-dennis-ram";"Ram";"Dennis";""
"NL_Regterschot_Kelly_1975";;"vkzgex3lhkpo";22989;"drs-k-kelly-regterschot";"Regterschot";"Kelly";""
"NL_Rep_Robert_1965";;"vmdskdekwuyi";23380;"rjhh-robert-rep";"Rep";"Robert";""
"NL_Richardson_Simone_1972";;"vlslhq15egxh";23185;"drs-sm-simone-richardson";"Richardson";"Simone";""
"NL_Rikkers_Mariska_1977";;"vm6eb7yxhott";23282;"mgf-mariska-rikkers-oosterkamp";"Rikkers";"Mariska";""
"NL_Rooderkerk_Ilana_1987";;"vm6fgryecqx4";23293;"i-ilana-rooderkerk";"Rooderkerk";"Ilana";""
"NL_Sahla_Fonda_1979";;"vlh6v4irg6gv";23142;"f-fonda-sahla";"Sahla";"Fonda";""
"NL_Saris_Ilse_1975";;"vm6vcsxutpv0";23332;"drs-ig-ilse-saris";"Saris";"Ilse";""
"NL_Schonis_Rutger_1976";;"vk9nh0sweoz7";22785;"mr-ing-raj-rutger-schonis";"Schonis";"Rutger";""
"NL_Sienot_Matthijs_1972";;"vk9nfut9zbz6";22784;"mf-matthijs-sienot";"Sienot";"Matthijs";""
"NL_Simons_Chris_1965";;"vlrck3d4q4vy";23184;"ch-chris-simons";"Simons";"Chris";""
"NL_Six_Jesse_1994";;"vm6ufcdi9kxg";23321;"jps-jesse-six-dijkstra";"Six-Dijkstra";"Jesse";""
"NL_Slagt_Elke_1977";;"vm6efqbtqytu";23283;"dr-e-elke-slagt-tichelman";"Slagt";"Elke";""
"NL_Smals_Bart_1970";;"vkzja1ygdspx";22990;"drs-bmg-bart-smals";"Smals";"Bart";""
"NL_Smeets_Sidney_1975";;"vldqddwzu6ym";23070;"mr-sfj-sidney-smeets";"Smeets";"Sidney";""
"NL_Smitskam_Peter_1958";;"vm8ef622wkjs";23357;"p-peter-smitskam";"Smitskam";"Peter";""
"NL_Sneller_Joost_1982";;"vk7an8kqjstn";22622;"jc-joost-sneller";"Sneller";"Joost";""
"NL_Snoeren_Mark_1974";;"vlc99zhd3ln4";23031;"maj-mark-snoeren";"Snoeren";"Mark";""
"NL_Soepboer_Jelle_1989";;"vm6uezeealss";23319;"aj-aant-jelle-soepboer";"Soepboer";"Jelle";""
"NL_vanStrien_Pim_1977";;"vle9j7qns2yt";23100;"pjth-pim-van-strien";"vanStrien";"Pim";""
"NL_Strolenberg_Mark_1979";;"vlebfs20h3gn";23105;"mf-mark-strolenberg";"Strolenberg";"Mark";""
"NL_Stultiens_Luc_1993";;"vm6ejqlefgyx";23289;"lcj-luc-stultiens";"Stultiens";"Luc";""
"NL_Synhaeve_Marijke_1989";;"vm6fi7vp5xx6";23294;"m-marijke-synhaeve";"Synhaeve";"Marijke";""
"NL_Temmink_Nicole_1987";;"vk92gfvogqrw";22745;"ngj-nicole-temmink";"Temmink";"Nicole";""
"NL_Terpstra_Julius_1989";;"vk99f8gdeiow";22759;"jh-julius-terpstra";"Terpstra";"Julius";""
"NL_Teunissen_Hans_1984";;"vm4jabt2gmhp";23261;"jcm-hans-teunissen";"Teunissen";"Hans";""
"NL_Thiadens_Folkert_1966";;"vme1f5u2gq8j";23394;"fm-folkert-thiadens";"Thiadens";"Folkert";""
"NL_Thijssen_Joris_1974";;"vle4b8gjx582";23076;"ir-j-joris-thijssen";"Thijssen";"Joris";""
"NL_Tseggai_Mikal_1995";;"vm6efvj862ys";23284;"m-mikal-tseggai";"Tseggai";"Mikal";""
"NL_Tuinman_Gijs_1979";;"vm6eaey39pto";23277;"gp-gijs-tuinman";"Tuinman";"Gijs";""
"NL_Uitermark_Judith_1971";;"vm6udvfnauvt";23316;"mr-jjm-judith-uitermark";"Uitermark";"Judith";""
"NL_Uppelschoten_Nico_1944";;"vm9wiv38dck1";23370;"drs-na-nico-uppelschoten";"Uppelschoten";"Nico";""
"NL_Valize_Jan_1982";;"vm8euhpaysvn";23364;"jjthm-jan-valize";"Valize";"Jan";""
"NL_Valstar_Peter_1985";;"vjdamga2f7xq";22360;"pj-peter-valstar";"Valstar";"Peter";""
"NL_Vedder_Eline_1979";;"vm2fbcpempzq";23252;"ec-eline-vedder";"Vedder";"Eline";""
"NL_vanderVelde_Martine_1989";;"vm7faz7nnqro";23337;"mk-martine-van-der-velde";"vanderVelde";"Martine";""
"NL_Veldkamp_Caspar_1964";;"vm6ue1vs29vu";23317;"drs-ccj-caspar-veldkamp";"Veldkamp";"Caspar";""
"NL_Veltman_Hester_1973";;"vm6bhmfepeqi";23270;"drs-hn-hester-veltman";"Veltman";"Hester";""
"NL_Verkuijlen_Ruud_1960";;"vlebfvk9gqsu";23106;"r-ruud-verkuijlen";"Verkuijlen";"Ruud";""
"NL_Vermeer_Henk_1966";;"vm6eai69mftp";23278;"h-henk-vermeer";"Vermeer";"Henk";""
"NL_Vestering_Leonie_1984";;"vlducdg4j8kc";23073;"l-leonie-vestering";"Vestering";"Leonie";""
"NL_Vijlbrief_Hans_1963";;"vl5nasxkt5f4";23015;"ja-hans-vijlbrief";"Vijlbrief";"Hans";""
"NL_Vlottes_Elmar_1989";3558;"vkaqbabop5yb";22847;"e-elmar-vlottes";"Vlottes";"Elmar";""
"NL_Vondeling_Marina_1986";;"vm8eufyajyvm";23363;"m-marina-vondeling";"Vondeling";"Marina";""
"NL_Warmerdam_Sjoerd_1987";;"vljojlhlikxm";23153;"sj-sjoerd-warmerdam";"Warmerdam";"Sjoerd";""
"NL_Welzijn_Merlien_1973";;"vm6ufgvdayxh";23322;"drs-rm-merlien-welzijn";"Welzijn";"Merlien";""
"NL_vanderWerf_Johanna_1984";;"vldqcst01hyh";23065;"jj-hanneke-van-der-werf";"vanderWerf";"Johanna";""
"NL_Werner_Lucille_1967";;"vld9gwsyquwy";23046;"lm-lucille-werner";"Werner";"Lucille";""
"NL_White_Raoul_1972";;"vm6ehby1o4yt";23285;"rj-raoul-white";"White";"Raoul";""
"NL_Wijen_Marieke_1993";;"vme2mssajoqz";23397;"mjmh-marieke-wijen-nass";"Wijen";"Marieke";""
"NL_Wingelaar_Natascha_1974";;"vm6vdcawe9v1";23333;"nthp-natascha-wingelaar";"Wingelaar";"Natascha";""
"NL_vanderWoude_Hatte_1969";;"vle9jcwam6yu";23101;"hh-hatte-van-der-woude";"vanderWoude";"Hatte";""
"NL_Wuite_Jorien_1964";;"vldqdgoehyyn";23071;"j-jorien-wuite";"Wuite";"Jorien";""
"NL_vanZanten_Claudia_1978";;"vm6eavxg1etr";23280;"drs-cr-claudia-van-zanten";"vanZanten";"Claudia";""
"NL_Zeedijk_Femke_1974";;"vm6ufmb14uxi";23323;"drs-fa-femke-zeedijk";"Zeedijk";"Femke";""
"NL_elAbassi_Ismail_1983";;"vm6if7tjw0uc";23298;"i-ismail-el-abassi";"elAbassi";"Ismail";""
"NL_denHaan_Liane_1967";;"vlbcaj2rervu";23027;"nl-liane-den-haan";"denHaan";"Liane";""
"NL_Kostic_Ines_1984";;"vm6i9pfk8ku9";23295;"i-ines-kostic";"Kostic";"Ines";""
